Course,Link
Application Security,https://www.udacity.com/course/application-security--cd0633?_gl=1*1g2nli6*_up*MQ..&gclid=EAIaIQobChMIyK256qehhgMV_4xLBR2B8QQEEAAYASAAEgJ6pPD_BwE
Big Data,https://www.udacity.com/course/big-data-systems--cd0034?_gl=1*1g2nli6*_up*MQ..&gclid=EAIaIQobChMIyK256qehhgMV_4xLBR2B8QQEEAAYASAAEgJ6pPD_BwE
Business Analytics,https://www.udacity.com/course/business-analytics-nanodegree--nd098?_gl=1*1g2nli6*_up*MQ..&gclid=EAIaIQobChMIyK256qehhgMV_4xLBR2B8QQEEAAYASAAEgJ6pPD_BwE
Business Intelligence,https://www.udacity.com/course/business-intelligence-analytics-nanodegree--nd429?_gl=1*1g2nli6*_up*MQ..&gclid=EAIaIQobChMIyK256qehhgMV_4xLBR2B8QQEEAAYASAAEgJ6pPD_BwE
Business Process Design,https://alison.com/course/business-process-automation
Business Process Improvement,https://alison.com/course/how-to-build-a-process-improvement-plan
Business Process Modeling,https://alison.com/course/the-business-process-re-engineering-bpr-guide
Cloud Computing,https://www.udacity.com/course/discovering-cloud-computing--cd2021?_gl=1*f5i1uz*_up*MQ..&gclid=EAIaIQobChMIyK256qehhgMV_4xLBR2B8QQEEAAYASAAEgJ6pPD_BwE
Cloud Database,https://www.udacity.com/course/multi-cloud-computing--cd11573?_gl=1*1ob9979*_up*MQ..&gclid=EAIaIQobChMIyK256qehhgMV_4xLBR2B8QQEEAAYASAAEgJ6pPD_BwE
Cloud Migration,https://www.udacity.com/course/designing-infrastructure-and-managing-migration--cd0357?_gl=1*1ob9979*_up*MQ..&gclid=EAIaIQobChMIyK256qehhgMV_4xLBR2B8QQEEAAYASAAEgJ6pPD_BwE
Cloud Native,https://www.udacity.com/course/cloud-native-fundamentals--ud064?_gl=1*1jdod46*_up*MQ..&gclid=EAIaIQobChMIyK256qehhgMV_4xLBR2B8QQEEAAYASAAEgJ6pPD_BwE
Cloud Network,https://www.udacity.com/course/building-a-continuous-integration-pipeline--cd12354?_gl=1*jkbezo*_up*MQ..&gclid=EAIaIQobChMIyK256qehhgMV_4xLBR2B8QQEEAAYASAAEgJ6pPD_BwE
Cloud Security,https://www.udacity.com/course/operationalizing-cloud-security-with-deepfence-threatmapper--cd12926?_gl=1*b6w388*_up*MQ..&gclid=EAIaIQobChMIyK256qehhgMV_4xLBR2B8QQEEAAYASAAEgJ6pPD_BwE
Communicating Complex Concepts,https://www.udacity.com/course/discovering-design-thinking--cd12315?_gl=1*1aym1lm*_up*MQ..&gclid=EAIaIQobChMIyK256qehhgMV_4xLBR2B8QQEEAAYASAAEgJ6pPD_BwE
Communication and Storytelling,https://www.udacity.com/course/data-storytelling--cd0233?_gl=1*1gtonrn*_up*MQ..&gclid=EAIaIQobChMIyK256qehhgMV_4xLBR2B8QQEEAAYASAAEgJ6pPD_BwE
Data Architecture,https://www.udacity.com/course/data-architecture-foundations--cd0041?_gl=1*4s4r5b*_up*MQ..&gclid=EAIaIQobChMIyK256qehhgMV_4xLBR2B8QQEEAAYASAAEgJ6pPD_BwE
Data Visualization,https://www.udacity.com/course/data-visualization-with-matplotlib-and-seaborn--cd12532?_gl=1*1yqvvwx*_up*MQ..&gclid=EAIaIQobChMIyK256qehhgMV_4xLBR2B8QQEEAAYASAAEgJ6pPD_BwE
Data Warehousing,https://www.udacity.com/course/cloud-data-warehouses--cd12440?_gl=1*1yqvvwx*_up*MQ..&gclid=EAIaIQobChMIyK256qehhgMV_4xLBR2B8QQEEAAYASAAEgJ6pPD_BwE
Data Wrangling,https://www.udacity.com/course/data-wrangling-with-mongodb--ud032?_gl=1*1yqvvwx*_up*MQ..&gclid=EAIaIQobChMIyK256qehhgMV_4xLBR2B8QQEEAAYASAAEgJ6pPD_BwE
Database Management,https://www.udacity.com/course/management-of-relational-and-non-relational-databases--cd0362?_gl=1*7t5zxk*_up*MQ..&gclid=EAIaIQobChMIyK256qehhgMV_4xLBR2B8QQEEAAYASAAEgJ6pPD_BwE
Decision Making and Critical Thinking,https://alison.com/course/thinking-critically
Deep Learning,https://www.udacity.com/course/introduction-to-deep-learning--cd1818?_gl=1*1voammu*_up*MQ..&gclid=EAIaIQobChMIyK256qehhgMV_4xLBR2B8QQEEAAYASAAEgJ6pPD_BwE
DevOps,https://www.udacity.com/course/dev-ops-fluency--cd5234?_gl=1*6vuoet*_up*MQ..&gclid=EAIaIQobChMIyK256qehhgMV_4xLBR2B8QQEEAAYASAAEgJ6pPD_BwE
ETL Process,https://www.udacity.com/course/data-pipelines-with-azure--cd11532?_gl=1*h4o6ak*_up*MQ..&gclid=EAIaIQobChMIyK256qehhgMV_4xLBR2B8QQEEAAYASAAEgJ6pPD_BwE
Flexibility and Adaptability,https://www.udacity.com/course/intro-to-psychology--ps001?_gl=1*19lutwd*_up*MQ..&gclid=EAIaIQobChMIyK256qehhgMV_4xLBR2B8QQEEAAYASAAEgJ6pPD_BwE
Infrastructure as Code (IaC),https://www.udacity.com/course/deploy-infrastructure-as-code--cd12352?_gl=1*10m9vtl*_up*MQ..&gclid=EAIaIQobChMIyK256qehhgMV_4xLBR2B8QQEEAAYASAAEgJ6pPD_BwE
IT Service Change Management,https://www.udemy.com/course/it-service-management-course/?couponCode=LEADERSALE24B
IT Service Improvement,https://www.udemy.com/course/change-management-and-continuous-service-improvement/?couponCode=LEADERSALE24B
IT Service Level Agreements,https://www.udemy.com/course/service-level-management-and-it-governance/?couponCode=LEADERSALE24B
IT Service Management (ITSM),https://www.udemy.com/course/successful-itil-incident-and-major-incident-management/?couponCode=LEADERSALE24B
Machine Learning,https://www.udacity.com/course/intro-to-machine-learning-with-tensorflow-nanodegree--nd230?_gl=1*u13qzr*_up*MQ..&gclid=EAIaIQobChMIyK256qehhgMV_4xLBR2B8QQEEAAYASAAEgJ6pPD_BwE
MLOps,https://udacity.com/course/machine-learning-dev-ops-engineer-nanodegree--nd0821?_gl=1*s8zcwt*_up*MQ..&gclid=EAIaIQobChMIyK256qehhgMV_4xLBR2B8QQEEAAYASAAEgJ6pPD_BwE
"Modeling: Data, Process, Events, Objects",https://www.udacity.com/course/data-modeling--cd0029?_gl=1*1bdousa*_up*MQ..&gclid=EAIaIQobChMIyK256qehhgMV_4xLBR2B8QQEEAAYASAAEgJ6pPD_BwE
Modelling and Deployment,https://www.udacity.com/course/continuous-integration-and-deployment--ud1030?_gl=1*1bdousa*_up*MQ..&gclid=EAIaIQobChMIyK256qehhgMV_4xLBR2B8QQEEAAYASAAEgJ6pPD_BwE
Problem Solving,https://alison.com/course/creativity-and-creative-problem-solving
Programming,https://www.udacity.com/course/intro-to-programming-with-python-fluency--cd5227?_gl=1*j58s84*_up*MQ..&gclid=EAIaIQobChMIyK256qehhgMV_4xLBR2B8QQEEAAYASAAEgJ6pPD_BwE
Quality Management,https://www.udacity.com/course/data-governance--cd0033?_gl=1*1cc6uav*_up*MQ..&gclid=EAIaIQobChMIyK256qehhgMV_4xLBR2B8QQEEAAYASAAEgJ6pPD_BwE
Requirements Analysis,https://www.udacity.com/course/digital-project-management-nanodegree--nd043?_gl=1*1cc6uav*_up*MQ..&gclid=EAIaIQobChMIyK256qehhgMV_4xLBR2B8QQEEAAYASAAEgJ6pPD_BwE
Site Reliability Engineering,https://www.udacity.com/course/site-reliability-engineering-fluency--cd13456?_gl=1*1cc6uav*_up*MQ..&gclid=EAIaIQobChMIyK256qehhgMV_4xLBR2B8QQEEAAYASAAEgJ6pPD_BwE
Software Integration Engineering,https://www.udacity.com/course/server-deployment-and-containerization--cd0157?_gl=1*199rwkg*_up*MQ..&gclid=EAIaIQobChMIyK256qehhgMV_4xLBR2B8QQEEAAYASAAEgJ6pPD_BwE
Statistics and Probability,https://www.udacity.com/course/statistics-for-data-analysis-nanodegree--nd588?_gl=1*199rwkg*_up*MQ..&gclid=EAIaIQobChMIyK256qehhgMV_4xLBR2B8QQEEAAYASAAEgJ6pPD_BwE
Testing,https://www.udacity.com/course/ab-testing-business-analysts--ud979?_gl=1*lcbice*_up*MQ..&gclid=EAIaIQobChMIyK256qehhgMV_4xLBR2B8QQEEAAYASAAEgJ6pPD_BwE
Training Process Management,https://www.udemy.com/course/software-project-management-the-complete-course/?couponCode=LEADERSALE24B
Training Program Development,https://www.udemy.com/course/certificate-program-in-learning-and-development/?couponCode=LEADERSALE24B
